Type,Value
IP,193.3.19.173
URL,https://snowboardspecs.com/nae9v
Domain,https://corporacionhardsoft.com/images/2/Document_16654.exe
MD5,6164e9d297d29aa8682971259da06848
URL,https://essadonio.com/538332.php
IP,45.182.189.71
IP,193.3.19.173
URL,https://snowboardspecs.com/nae9v
Domain,https://corporacionhardsoft.com/images/2/Document_16654.exe
MD5,6164e9d297d29aa8682971259da06848
URL,https://essadonio.com/538332.php
IP,45.182.189.71
Domain,Imsagentes.pe
URL,https://imsagentes.pe/dgrjfj/
URL,https://hrcbishtek.com/
URL,https://ecorfan.org/base/sj/document_may_24_16654.exe
Domain,Hrcbishtek.com
MD5,F33734DFBBFF29F68BCDE052E523C287
MD5,F176BA63B4D68E576B5BA345BEC2C7B7
MD5,F14F2862EE2DF5D0F63A88B60C8EEE56
Domain,Essadonio.com
Domain,Ecorfan.org
SHA256,C92C158D7C37FEA795114FA6491FE5F145AD2F8C08776B18AE79DB811E8E36A3
MD5,A0E9F5D64349FB13191BC781F81F42E1
IP,92.118.36.199
IP,81.19.135.30
MD5,72A589DA586844D7F0818CE684948EEA
SHA256,717BEEDCD2431785A0F59D194E47970E9544FBF398D462A305F6AD9A1B1100CB
IP,5.188.86.18
IP,5.188.206.78
IP,45.182.189.71
IP,139.60.160.166
SHA256,121A1F64FFF22C4BFCEF3F11A23956ED403CDEB9BDB803F9C42763087BD6D94E
URL,Dremmfyttrred.com
IP,45.182.189.103
IP,94.142.138.61
IP,172.64.155.188
IP,104.18.32.68
SHA256,fe746402c74ac329231ae1b5dffa8229b509f4c15a0f5085617f14f0c1579040
Domain,droogggdhfhf.com
MD5,5588286a702e0c36c8318be0b164fa8c
MD5,5449f3f141958de2d1140bc8323f5ac95c203287
MD5,105e72e1f1e3af8942e0e77e1294f74cd0518f7d601e4e2f20f7ed9db3cd1c67739c31e085e028eafe0394af74b2fbeb6ffbffb67d7731023a04c53a6784924e
Domain,rprotecruuio.com
Domain,dragonetzone.com
Domain,bluespiredice.com
Domain,midnigthwaall.com
Domain,nitutdra.com
Domain,fuanshizmo.com
Domain,nefosferta.com
URL,https://imsagentes.pe/dgrjfj
URL,https://essadonio.com/538332.php
URL,https://dragonetzone.com/gate_info.php
URL,https://imsagentes.pe/dgrjfj/
URL,https://dremmfyttrred.com/dns.php
URL,https://www.meditimespharma.com/gfghthq/
IP,179.60.150.139
MD5,47f962063b42de277cd8d22550ae47b1787a39aa6f537c5408a59b5b76ed0464
MD5,1c637c2ded5d3a13fd9b56c35acf4443f308be52
MD5,fe746402c74ac329231ae1b5dffa8229b509f4c15a0f5085617f14f0c1579040
MD5,594ade1fb42e93e64afc96f13824b3dbd942a2cdbc877a7006c248a38425bbc1
MD5,c8227dcc1cd6ecc684de8c5ea9b16e3b35f613f1
MD5,9e7a2464f53ce74d840eb84077472bc29fd1ba05
MD5,06057d773ad04fda177f6b0f6698ddaa47f7168a
MD5,f9cb839adba612db5884e1378474996b4436c0cd
MD5,16ecf30ff8c7887037a17a3eaffcb17145b69160
MD5,a9eb1ac4b85d17da3a2bae5835c7e862d481c189
MD5,abc96032071adeb6217f0a5ba1aff55dc11f5438
MD5,f05cf0b026b2716927dac8bcd26a2719ea328964
MD5,bb32c940f9ca06e7e8533b1d315545c3294ee1a0
MD5,f9f649cb5de27f720d58aa44aec6d0419e3e89f453730e155067506ad3ece638
MD5,e4dd1f8fc4e44c8fd0e25242d994c4b59eed6939
MD5,37e6904d84153d1435407f4669135134
MD5,f24232330e6f428bfbb6b9d8154db1c4046c2fc2
MD5,c87fb9b9f6c343670bed605420583418
MD5,ed38c454575879c2546e5fccace0b16a701c403dfe3c3833730d23b32e41f2fe
MD5,89c8afc5bbd34f160d8a2b7218b9ca4a
MD5,eaaa5e68956a3a3f6113e965199f479e10ae9956
MD5,afda13d5365b290f7cdea701d00d05b0c60916f8
MD5,4862618fcf15ba4ad15df35a8dcb0bdb79647b455fea6c6937c7d050815494b0
MD5,77360abc473dc65c8bdd73b6459b9ea8fddb6f1d
MD5,2be64efd0fa7739123b26e4b70e53c5c
MD5,03916123864aa034f7ca3b9d45b2e39b5c91c502
MD5,8f924f3cbe5d8fe3ecb7293478901f1a
MD5,e0178ab0893a4f25c68ded11e74ad90403443e413413501d138e0b08a910471e
MD5,acac995cee8a6a75fa79eb41bdffa53f
MD5,44090a7858eceb28bc111e1edd2f0dc98047afb2
MD5,a89c097138e5aab1f35b9a03900600057d907690
MD5,5cc8c9f2c9cee543ebac306951e30e63eff3ee103c62dadcd2ce43ef68bc7487
MD5,22e3f4602a258e92a0b8deb5a2bd69c67f4ac3ca67362a745178848a9da7a3cc
MD5,7c607eca4005ba6415e09135ef38033bb0b0e0ff3e46d60253fc420af7519347
MD5,36057710279d9f0d023cb5613aa76d5e
MD5,881485ac77859cf5aaa8e0d64fbafc5f
MD5,dad01b0c745649c6c8b87dbeb7ab549ed039515d
MD5,97bae3587f1d2fd35f24eb214b9dd6eed95744bed62468d998c7ef55ff8726d4
MD5,792623e143ddd49c36f6868e948febb0c9e19cd3
MD5,51be660a3bdaab6843676e9d3b2af8444e88bbda
MD5,8e2b823aac6c9e11fcabecb1d8c19adf
MD5,36d89f0455c95f9b00a8cea843003d0b53c4e33431fe57b5e6ec14a6c2e00e99
MD5,e9299fc9b7daa0742c28bfc4b03b7b25
MD5,32ae88cddeeeec255d6d9c827f6bffc7a95e9ea7b83a84a79ff793735a4b4ed7
MD5,971a00a392b99f64a3886f40b6ef991e62f0fe2f
MD5,c69f080180430ebf15f984be14fb4c76471cd476
MD5,775fb391db27e299af08933917a3acda
MD5,ac6a2f1eafaae9f6598390d1017dd76c
MD5,5022a85b39a75ebe2bc0411d7b058b2e
MD5,65fb9572171b903aa31a325f550d8778
MD5,b54cc9a3dd88e478ea601dfd5b36805e
MD5,7d75244449fb5c25d8f196a43a6eb9e453652b2185392376e7d44c21bd8431e7
MD5,f4045710c99d347fe6dfa2c0fcadde29
MD5,a67df0a8b32bdc5f9d224db118b3153f66518737e702314873b673c914b2bb5c
MD5,0bae65245e5423147fce079de29b6136
MD5,516051b4cab1be74d32a6c446eabac7fc354904f
MD5,5da364a8efab6370a174736705645a52
MD5,aa56f43e39d114235a6b1d5f66b593cc80325fa4
MD5,9a3bad7d8516216695887acc9668cda1
MD5,338476c2b0de4ee2f3e402f3495d0578
MD5,a30e1f87b78d1cd529fbe2afdd679c8241d3baab175b2f083740263911a85304
MD5,77ad34334a370d85ca5e77436ed99f18b185eee3
MD5,64b27d2a6a55768506a5658a31c045de
MD5,f14f2862ee2df5d0f63a88b60c8eee56
MD5,f33734dfbbff29f68bcde052e523c287
Domain,https://newdaynewsletter.com/nqr7i
Domain,https://astonmartinbespoke.co.uk/gdw9l
Domain,https://mtjit.com/jis7p
Domain,"	https://basementplayground.com/x"
Domain,"	https://xcellentplus.com/z/"
MD5,a35e8940cec01a5887cf70c38659e185
Domain,"	http://94.142.138.61/dl/25/timestamp/"
MD5,eb1508a75dabe9f64fd774f14e1f3cab
Domain,"	https://dremmfyttrred.com/dns.php"
IP,45.182.189.103
Domain,"	https://corporacionhardsoft.com/images/2/Document_16654.exe"
MD5,6164e9d297d29aa8682971259da06848
